{"cameraMode":{"drawMode":0,"name":"Shaded","section":"Shading Mode"},"sceneLighting":false,"audioPlay":false,"sceneViewState":{"showFog":true,"showMaterialUpdate":false,"showSkybox":false,"showFlares":true,"showImageEffects":true,"showParticleSystems":true},"in2DMode":false,"pivot":{"x":26.260000228881837,"y":0.0,"z":6.590000152587891},"rotation":{"x":-0.23625381290912629,"y":0.7606158256530762,"z":-0.38618385791778567,"w":-0.4653061330318451},"size":0.14056847989559174,"orthographic":false}